{"Train Loss": 0.008470255201951887, "Test Loss": 0.04064443059836874, "Test Accuracy": 0.9906, "Epoch Time": 9.631125688552856, "_timestamp": 1709839241.1844213, "_runtime": 175.1281542778015, "_step": 14}