{"Train Loss": 0.014502832312261793, "Test Loss": 0.035713191848608855, "Test Accuracy": 0.9893, "Epoch Time": 9.798255920410156, "_timestamp": 1709795417.7590866, "_runtime": 122.40424466133118, "_step": 9, "_wandb": {"runtime": 120}}