{"Accuracy": 0.799517878666131, "_timestamp": 1709962852.2071176, "_runtime": 22.94903254508972, "_step": 0, "_wandb": {"runtime": 1121}}