{"Train Loss": 0.013972090723516885, "Test Loss": 0.04219746373892303, "Test Accuracy": 0.9889, "Epoch Time": 9.354432582855225, "_timestamp": 1709795546.844531, "_runtime": 123.6301441192627, "_step": 9, "_wandb": {"runtime": 121}}