{"Train Loss": 0.0017119621144374832, "Test Loss": 0.08963217457236897, "Test Accuracy": 0.9746, "Epoch Time": 0.9407093524932861, "_timestamp": 1709838976.8801203, "_runtime": 45.00781536102295, "_step": 14, "_wandb": {"runtime": 43}}