{"Train Loss": 0.008998082156548966, "Test Loss": 0.04008870831336161, "Test Accuracy": 0.9923, "Epoch Time": 10.180366516113281, "_timestamp": 1709799676.8244638, "_runtime": 195.40111088752747, "_step": 14}