{"Train Loss": 0.017336828031681458, "Test Loss": 0.0329733382431823, "Test Accuracy": 0.9891, "Epoch Time": 31.983298778533936, "_timestamp": 1709727346.7523165, "_runtime": 403.7737045288086, "_step": 9, "_wandb": {"runtime": 401}}