{"Train Loss": 0.0341792195639573, "Test Loss": 0.03351490873712464, "Test Accuracy": 0.989, "Epoch Time": 10.5924391746521, "_timestamp": 1709698657.9850628, "_runtime": 77.9668538570404, "_step": 4, "_wandb": {"runtime": 130}}