{"Train Loss": 0.016065160967186482, "Test Loss": 0.03317769728312851, "Test Accuracy": 0.989, "Epoch Time": 9.82869577407837, "_timestamp": 1709795031.314393, "_runtime": 122.93361496925354, "_step": 9, "_wandb": {"runtime": 121}}