{"Accuracy": 0.8036359983929289, "_timestamp": 1709965094.6784594, "_runtime": 24.940547466278076, "_step": 0, "_wandb": {"runtime": 1061}}