{"Accuracy": 0.8012253917235838, "_timestamp": 1709966165.9537358, "_runtime": 27.551824808120728, "_step": 0, "_wandb": {"runtime": 1099}}