{"Train Loss": 0.018959951285505667, "Test Loss": 0.034857953891318176, "Test Accuracy": 0.9888, "Epoch Time": 11.778580665588379, "_timestamp": 1709729444.4166934, "_runtime": 245.4098424911499, "_step": 9, "_wandb": {"runtime": 242}}