{"Train Loss": 0.03711634224971931, "Test Loss": 0.06676169080157252, "Test Accuracy": 0.9851, "Epoch Time": 36.61518144607544, "_timestamp": 1709729188.8302581, "_runtime": 1832.474633216858, "_step": 9, "_wandb": {"runtime": 1829}}