{"Train Loss": 0.07634711941316102, "Test Loss": 0.06732812353060581, "Test Accuracy": 0.9782, "Epoch Time": 8.613252878189087, "_timestamp": 1709795289.8510349, "_runtime": 112.32919979095459, "_step": 9, "_wandb": {"runtime": 110}}