{"Train Loss": 0.017449091343696637, "Test Loss": 0.03666645935541419, "Test Accuracy": 0.9893, "Epoch Time": 9.803438186645508, "_timestamp": 1709796481.4213, "_runtime": 133.6243908405304, "_step": 9, "_wandb": {"runtime": 131}}