{"Accuracy": 0.8024306950582564, "_timestamp": 1709961766.3213823, "_runtime": 23.15295720100403, "_step": 0, "_wandb": {"runtime": 1079}}