{"Train Loss": 0.014080614941098248, "Test Loss": 0.03198974638554864, "Test Accuracy": 0.9896, "Epoch Time": 9.452702283859253, "_timestamp": 1709797271.7787352, "_runtime": 121.75457906723022, "_step": 9, "_wandb": {"runtime": 2323}}