{"Train Loss": 0.0017689497582614423, "Test Loss": 0.19228055789042264, "Test Accuracy": 0.9433, "Epoch Time": 0.28003621101379395, "_timestamp": 1709838926.7991557, "_runtime": 37.86784768104553, "_step": 14, "_wandb": {"runtime": 36}}