{"Train Loss": 0.08413425549018333, "Test Loss": 0.13259851448030532, "Test Accuracy": 0.9753, "Epoch Time": 10.281015634536743, "_timestamp": 1709795170.9225912, "_runtime": 133.05055117607117, "_step": 9, "_wandb": {"runtime": 131}}