{"Train Loss": 2.306106060743332, "Test Loss": 2.30527897977829, "Test Accuracy": 0.1028, "Epoch Time": 11.333486080169678, "_timestamp": 1709729758.9652803, "_runtime": 149.25425720214844, "_step": 9, "_wandb": {"runtime": 147}}