{"Accuracy": 0.7949979911611089, "_timestamp": 1709963980.7167993, "_runtime": 22.799273252487183, "_step": 0, "_wandb": {"runtime": 1104}}