{"Train Loss": 0.07118145859415333, "Test Loss": 0.05843620025049895, "Test Accuracy": 0.9803, "Epoch Time": 12.22287368774414, "_timestamp": 1709698164.907687, "_runtime": 41.890652894973755, "_step": 1, "_wandb": {"runtime": 40}}