{"Train Loss": 0.015379376047700438, "Test Loss": 0.03791771639355386, "Test Accuracy": 0.9902, "Epoch Time": 11.818916082382202, "_timestamp": 1709796632.858197, "_runtime": 145.4244589805603, "_step": 9, "_wandb": {"runtime": 143}}