{"Train Loss": 0.00406362986368913, "Test Loss": 0.07285354826601496, "Test Accuracy": 0.9803, "Epoch Time": 2.801950454711914, "_timestamp": 1709839060.377053, "_runtime": 76.681067943573, "_step": 14, "_wandb": {"runtime": 74}}