{"Train Loss": 2.309942389170329, "Test Loss": 2.307777675628662, "Test Accuracy": 0.1135, "Epoch Time": 9.94707179069519, "_timestamp": 1709729902.288008, "_runtime": 137.13997507095337, "_step": 9}