{"Accuracy": 0.8065488147850542, "_timestamp": 1709967271.666463, "_runtime": 26.289323806762695, "_step": 0}