{"Train Loss": 0.07383511687071101, "Test Loss": 0.09989588004262259, "Test Accuracy": 0.9789, "Epoch Time": 8.942617416381836, "_timestamp": 1709795668.5156617, "_runtime": 115.53103375434875, "_step": 9, "_wandb": {"runtime": 785}}