{"Train Loss": 0.0017797509506344794, "Test Loss": 0.3322360613532364, "Test Accuracy": 0.8929, "Epoch Time": 0.1119990348815918, "_timestamp": 1709838753.3872447, "_runtime": 36.09456658363342, "_step": 14, "_wandb": {"runtime": 34}}