{"Train Loss": 0.0023400139138102533, "Test Loss": 0.4495058928504586, "Test Accuracy": 0.8632, "Epoch Time": 0.08199882507324219, "_timestamp": 1709838710.9634883, "_runtime": 35.58416438102722, "_step": 14, "_wandb": {"runtime": 32}}