{"Train Loss": 0.021793054580688476, "Test Loss": 2.075316253900528, "Test Accuracy": 0.5, "Epoch Time": 0.1249997615814209, "_timestamp": 1709838451.2137969, "_runtime": 15.279613971710205, "_step": 1, "_wandb": {"runtime": 14}}