{"Train Loss": 0.07858309710631146, "Test Loss": 0.06808406366000418, "Test Accuracy": 0.9787, "Epoch Time": 8.670332670211792, "_timestamp": 1709796754.617283, "_runtime": 116.09112620353699, "_step": 9, "_wandb": {"runtime": 114}}