{"Train Loss": 0.0019669005498290063, "Test Loss": 0.42654827189818023, "Test Accuracy": 0.8686, "Epoch Time": 0.1152195930480957, "_timestamp": 1709838882.8850176, "_runtime": 33.04800462722778, "_step": 14, "_wandb": {"runtime": 31}}