{"Train Loss": 0.05961779803410173, "Test Loss": 0.0515275639941101, "Test Accuracy": 0.9834, "Epoch Time": 12.950113534927368, "_timestamp": 1709796892.0900419, "_runtime": 131.73344588279724, "_step": 9, "_wandb": {"runtime": 129}}