{"Train Loss": 0.014134066579586943, "Test Loss": 0.03432095112039224, "Test Accuracy": 0.9898, "Epoch Time": 9.000952243804932, "_timestamp": 1709797027.4664855, "_runtime": 128.2362666130066, "_step": 9, "_wandb": {"runtime": 126}}